Unnamed: 0,Month,Year,nDays,DecYear,Q,Conc,GenConc,FNConc,Flux,GenFlux,FNFlux,Date,wy
1,10,1993,31,1993.7894977169,4.54257022553008,0.0978314417271404,0.0977053148466864,0.0898115235510849,38.4166215267665,38.3591404654434,24.8678865439778,1993-10-31,1994
2,11,1993,30,1993.87305936073,2.15491200865635,0.109147720005611,0.118013064267464,0.114099852132695,20.3113093966032,21.6265243896214,24.5371859319146,1993-11-30,1994
3,12,1993,31,1993.95662100457,1.67069393575196,0.131798426607278,0.138423626030939,0.136116822420441,19.0073776330963,19.966449040112,21.9711636279122,1993-12-31,1994
4,1,1994,31,1994.04155251142,1.59670475653058,0.155988503394489,0.159091300851738,0.157848437884076,21.5370863487487,21.9638001356141,22.8790365371445,1994-01-31,1994
5,2,1994,28,1994.12237442922,1.42595547785125,0.149936166192237,0.15052516363045,0.155020115841818,18.4830779395483,18.5508144416767,21.0970162145609,1994-02-28,1994
6,3,1994,31,1994.20319634703,1.82872020742232,0.136553541119353,0.153480661405397,0.140963812044691,21.5821618781771,24.5557177750447,27.8075352347353,1994-03-31,1994
7,4,1994,30,1994.28675799087,7.67008978639574,0.145425908576744,0.15284062093035,0.157115945429607,115.141687435491,118.166982851885,123.409925094059,1994-04-30,1994
8,5,1994,31,1994.3703196347,30.3392172673951,0.126865629379443,0.118501073557516,0.128958781135517,320.234276064565,295.858855757973,289.858086521166,1994-05-31,1994
9,6,1994,30,1994.45388127854,30.12251727212,0.0808239474744347,0.074104390616644,0.081527435330526,214.604581323725,192.125339193447,239.136912094391,1994-06-30,1994
10,7,1994,31,1994.53744292237,6.71017914271948,0.0759593515552947,0.0773870494750643,0.0717120343863288,44.4281232196274,45.1967620611646,76.1867918519249,1994-07-31,1994
11,8,1994,31,1994.62237442922,2.96870163542585,0.0670088203678904,0.0586334158355103,0.0679494013005598,17.3169963798713,15.1322901358909,27.5657032818358,1994-08-31,1994
12,9,1994,30,1994.70593607306,1.82171711638491,0.0614553946350365,0.0603712191723225,0.0694335675929755,9.75698960515946,9.59762099989861,19.5150549010249,1994-09-30,1994
13,10,1994,31,1994.7894977169,2.46630597404609,0.0835695432249502,0.0624980733398243,0.0858562730875026,17.9590206414946,13.2210012115076,23.7730225075161,1994-10-31,1995
14,11,1994,30,1994.87305936073,2.25307707606776,0.107376665653196,0.0886243138771887,0.110443696756529,20.948668290127,16.9476103988537,23.7542484659817,1994-11-30,1995
15,12,1994,31,1994.95662100457,1.49622562425463,0.122761358777502,0.119666469222526,0.133006930809985,15.8845338293686,15.5099260714753,21.4790091951656,1994-12-31,1995
16,1,1995,31,1995.04155251142,1.24137400693653,0.138295598454942,0.136891887613362,0.155472454775668,14.8855609376327,14.7320617641545,22.5452585173776,1995-01-31,1995
17,2,1995,28,1995.12237442922,1.52607575608336,0.151440280475459,0.159134474183802,0.153397068254259,20.177513167519,21.1808763936132,20.8849441358883,1995-02-28,1995
18,3,1995,31,1995.20319634703,2.26626115615124,0.148867149734659,0.12183535903173,0.139900966200545,29.2153959131884,23.3629422949167,27.5829213451779,1995-03-31,1995
19,4,1995,30,1995.28675799087,3.98134859943604,0.131624129799305,0.124219357962938,0.153399348668886,45.6316782443906,43.9689398107199,119.695554099477,1995-04-30,1995
20,5,1995,31,1995.3703196347,21.9181525360133,0.118061539511967,0.124013523991097,0.124177676814209,213.283796792353,223.506133312774,280.489312443587,1995-05-31,1995
21,6,1995,30,1995.45388127854,69.3857125520491,0.0760926042490495,0.0831553164984756,0.0784854719235833,446.708899741207,489.797681660148,231.955917653838,1995-06-30,1995
22,7,1995,31,1995.53744292237,50.8607098647727,0.0579396620916361,0.0475933668462595,0.0677995140281561,257.069630349428,209.769849004044,72.4586679929106,1995-07-31,1995
23,8,1995,31,1995.62237442922,17.2330846319828,0.0592617825803401,0.0508362755016476,0.0640094326818461,86.7099941180726,72.2001915410804,25.9515887096234,1995-08-31,1995
24,9,1995,30,1995.70593607306,5.09136897708819,0.0703777623437827,0.0653324070942324,0.0655609725203936,30.7027847034409,28.7852786541039,18.423194575686,1995-09-30,1995
25,10,1995,31,1995.7894977169,4.03834767083621,0.0894445199962342,0.0864728276737192,0.0819846602554097,31.1861913488609,30.1676343789781,22.69822459187,1995-10-31,1996
26,11,1995,30,1995.87305936073,3.42633841060996,0.119529858103224,0.105855000484245,0.10678121201495,35.2142757883867,31.6195261898789,22.9682289932591,1995-11-30,1996
27,12,1995,31,1995.95662100457,1.88352700684557,0.131069153264113,0.131523838332859,0.129796501982364,21.3335939363707,21.0033784140174,20.9689121752636,1995-12-31,1996
28,1,1996,31,1996.04143897996,1.89266147341611,0.162349876166952,0.153591376317406,0.152861951965494,26.5437466286813,25.0288729750227,22.1756397699501,1996-01-31,1996
29,2,1996,29,1996.12340619308,1.93823931178705,0.167340273591473,0.114013201713614,0.151217301411117,28.0851756725456,18.9936559338779,20.5933195742464,1996-02-29,1996
30,3,1996,31,1996.20537340619,1.69627044214948,0.13073995180519,0.102078082983764,0.137627374596485,19.1941240408037,14.8111590218552,27.1089220755957,1996-03-31,1996
31,4,1996,30,1996.28870673953,7.80223506944957,0.149897768665878,0.160550282465195,0.148588748185791,106.292106862065,115.900634813268,115.154450032505,1996-04-30,1996
32,5,1996,31,1996.37204007286,45.4814225013811,0.123458121487789,0.150102558306041,0.118547104305625,478.679976509336,557.46734032448,268.790611504551,1996-05-31,1996
33,6,1996,30,1996.45537340619,43.1595933402591,0.0727210038406448,0.0826039630765312,0.0751540868364279,273.062716055452,309.121118346798,223.49472721936,1996-06-30,1996
34,7,1996,31,1996.53870673953,14.0323675456652,0.062939016557133,0.0779561128653971,0.0640571011177507,75.7235712914769,92.6081155015227,68.8793036764176,1996-07-31,1996
35,8,1996,31,1996.62340619308,4.64122246449192,0.0627266549063732,0.0772277522314506,0.060303037540343,25.2738082606945,30.4731368818495,24.4425691016959,1996-08-31,1996
36,9,1996,30,1996.70673952641,3.09691909785435,0.0645595532867939,0.0800591176930174,0.0620012898824473,17.3499715991075,21.363261682251,17.4186306750116,1996-09-30,1996
37,10,1996,31,1996.79007285974,3.29662898530828,0.0812601323576757,0.073699586820614,0.0784446634635881,23.0046352269664,20.7544752142647,21.7130491979479,1996-10-31,1997
38,11,1996,30,1996.87340619308,2.54757227830201,0.106396015443943,0.0788169586860062,0.103329582777529,23.5403293280757,17.3158321760715,22.2255875671693,1996-11-30,1997
39,12,1996,31,1996.95673952641,1.91367074652836,0.129303088678811,0.113072650480831,0.126567683862446,21.5488236728515,18.9046750703047,20.4524995952079,1996-12-31,1997
40,1,1997,31,1997.04155251142,1.88352700684557,0.158994456458427,0.153324608171959,0.150039318925689,25.9418100691026,25.0439615860709,21.7713168101542,1997-01-31,1997
41,2,1997,28,1997.12237442922,1.50787206913207,0.147242135547553,0.138343664466829,0.149229036556814,19.215798986903,18.0470391276363,20.3292870507104,1997-02-28,1997
42,3,1997,31,1997.20319634703,2.66178355865567,0.147515451656844,0.134017597198338,0.136887252765605,36.1592308737459,31.7101655791225,27.0054563135138,1997-03-31,1997
43,4,1997,30,1997.28675799087,9.97791276544294,0.155479254714488,0.171176921655318,0.1470149277549,144.229179328005,170.339132731071,113.666605419296,1997-04-30,1997
44,5,1997,31,1997.3703196347,44.9662385868026,0.121396306378852,0.114428442672635,0.116255368390741,459.258854681828,420.672732633514,264.515907235194,1997-05-31,1997
45,6,1997,30,1997.45388127854,60.1638595846498,0.0724107649724685,0.0732325413225578,0.0732146098815089,383.878939229756,387.182853150683,219.170172034223,1997-06-30,1997
46,7,1997,31,1997.53744292237,19.9743380498022,0.0567500918663796,0.0672720375496931,0.0610189174018282,98.0280544366238,113.976050313971,66.0521143812988,1997-07-31,1997
47,8,1997,31,1997.62237442922,7.40257170876649,0.0589936174731317,0.0770446052172579,0.0569930628710589,37.5818608097288,49.9813435926205,23.1091080632444,1997-08-31,1997
48,9,1997,30,1997.70593607306,5.06777160511429,0.0637328840377906,0.0656683627935466,0.0586371617916699,28.004788092188,28.815111079042,16.4693488153413,1997-09-30,1997
49,10,1997,31,1997.7894977169,5.15366603909928,0.0816718918475679,0.0789049825148652,0.0748807479793605,35.9500154660587,34.8154649279586,20.7206238447009,1997-10-31,1998
50,11,1997,30,1997.87305936073,3.53488632168989,0.114124532048757,0.136355400267419,0.0997684895374353,34.687359768735,41.223928170549,21.4606911497022,1997-11-30,1998
51,12,1997,31,1997.95662100457,2.50284384032826,0.14121437169589,0.197320042441396,0.123208235519844,30.5041456701147,42.4518816626334,19.9185880794542,1997-12-31,1998
52,1,1998,31,1998.04155251142,2.17765683041699,0.167366136137743,0.214827239678622,0.146956410873911,31.6481783111297,40.5386028978961,21.3334697156327,1998-01-31,1998
53,2,1998,28,1998.12237442922,1.9659981907396,0.164425702394662,0.200020446434741,0.146629395698892,27.9781286341491,34.0155448931612,19.9822953066384,1998-02-28,1998
54,3,1998,31,1998.20319634703,2.45351772084733,0.146270364472613,0.208630322444007,0.134970212520675,31.3443476344853,44.8051383691261,26.6774462875375,1998-03-31,1998
55,4,1998,30,1998.28675799087,4.81575167243306,0.128978782668836,0.163478766299805,0.14465493332742,54.5565878516855,68.8973200674111,111.582058424476,1998-04-30,1998
56,5,1998,31,1998.3703196347,23.5998078316499,0.114466054239667,0.112842551275654,0.113256486911122,225.404516302228,218.618579786986,258.304139616957,1998-05-31,1998
57,6,1998,30,1998.45388127854,27.7514533361828,0.069830164869228,0.0666582624565914,0.0711836827922444,168.548697318469,163.334371909787,214.575704657919,1998-06-30,1998
58,7,1998,31,1998.53744292237,15.6345529821381,0.0561576176576562,0.0507210431776433,0.058247242758937,75.7066673679336,69.9205315694896,63.4771355147425,1998-07-31,1998
59,8,1998,31,1998.62237442922,4.28589171489788,0.0560058378094622,0.0549378258975695,0.0540377284142594,20.8498240082014,19.4730295161344,21.932922198317,1998-08-31,1998
60,9,1998,30,1998.70593607306,2.80808726489384,0.0563280419202133,0.0569228842784789,0.0557312424513394,13.6531157279619,13.8796170140643,15.6572260012871,1998-09-30,1998
61,10,1998,31,1998.7894977169,2.69010040502435,0.0719756239618774,0.0687862614451963,0.0719191608747243,16.8772967363209,16.1353309925151,19.9026175222164,1998-10-31,1999
62,11,1998,30,1998.87305936073,2.52114322169124,0.0997781385275211,0.0981524854269729,0.0967707487415701,21.6744679685912,21.3236576214973,20.8241288512921,1998-11-30,1999
63,12,1998,31,1998.95662100457,1.83420088736465,0.120499290916582,0.136435441280845,0.120200132359803,19.1114323696389,21.5874325198187,19.4474771257791,1998-12-31,1999
64,1,1999,31,1999.04155251142,1.789442001169,0.149948497190797,0.172717115812486,0.144106699848884,23.2075343035464,26.7772607974965,20.9337347738993,1999-01-31,1999
65,2,1999,28,1999.12237442922,1.74047473573192,0.152322833121979,0.113205671410932,0.144147665517506,22.9284810388331,17.0737233602318,19.6534945379756,1999-02-28,1999
66,3,1999,31,1999.20319634703,3.20711121291697,0.152568646095411,0.119796809854197,0.133272661735455,46.3965808558769,38.5665022450196,26.4189638781348,1999-03-31,1999
67,4,1999,30,1999.28675799087,7.43600385641467,0.145408957510742,0.11700349537172,0.143260950662652,94.9681431259904,75.6235204965907,110.366251452637,1999-04-30,1999
68,5,1999,31,1999.3703196347,27.027973135574,0.107844175896614,0.100337054543185,0.110804757330201,236.750442640694,208.208701793756,252.879381538429,1999-05-31,1999
69,6,1999,30,1999.45388127854,43.117118070706,0.0684266997447742,0.050947248091922,0.0692207975367322,255.67499601672,189.13407458253,209.643075107288,1999-06-30,1999
70,7,1999,31,1999.53744292237,16.3214648682428,0.0529030671977928,0.0439408024951046,0.0557094087013214,75.0860716425031,62.1269844564736,61.1250085465293,1999-07-31,1999
71,8,1999,31,1999.62237442922,7.30391946980465,0.0532248464491611,0.063832866970317,0.0513142883236138,33.5347809176606,39.499905004819,20.8728725993295,1999-08-31,1999
72,9,1999,30,1999.70593607306,5.31979153779552,0.057905609033502,0.0598864991925849,0.0531654006477621,26.6121439296839,27.7544862809147,14.9534904953712,1999-09-30,1999
73,10,1999,31,1999.7894977169,3.68667070787038,0.0741960394717058,0.0774608556917187,0.069512922596799,23.4174168975243,24.331907448531,19.251530951059,1999-10-31,2000
74,11,1999,30,1999.87305936073,2.52869438072289,0.0974967546041783,0.0979168353864429,0.0944262369873086,21.2908068370616,21.3974366703169,20.3375294646501,1999-11-30,2000
75,12,1999,31,1999.95662100457,1.90544972661487,0.120052726719282,0.128320145252637,0.117776879850863,19.7077249041072,20.9770618551199,19.0794234157688,1999-12-31,2000
76,1,2000,31,2000.04143897996,1.75016379491567,0.14657928415318,0.156366455421788,0.141801675131468,22.2314737582174,23.6509249816724,20.6179373731736,2000-01-31,2000
77,2,2000,29,2000.12340619308,1.53008614688681,0.141044787360069,0.148775241347868,0.1418880573178,18.6632515691481,19.6735896979311,19.3527499161137,2000-02-29,2000
78,3,2000,31,2000.20537340619,1.53367693719385,0.118680541764161,0.19096114782801,0.131487467353459,15.7594686132136,25.1879925929015,26.1186192742269,2000-03-31,2000
79,4,2000,30,2000.28870673953,9.58525249579728,0.148968648052762,0.170733464770134,0.14197815749437,128.051617247474,140.143513386947,109.135708488008,2000-04-30,2000
80,5,2000,31,2000.37204007286,31.1786747452279,0.110988378298108,0.0930828628537199,0.107765933885169,296.005765574989,248.35950675124,246.035722375924,2000-05-31,2000
81,6,2000,30,2000.45537340619,21.0762287522066,0.0663646920047382,0.0539246450519124,0.0671495216505863,126.93886753439,111.073963929131,204.725371783058,2000-06-30,2000
82,7,2000,31,2000.53870673953,5.15640637907044,0.0553350360869538,0.0592985833891045,0.0530376943521115,25.0903815195607,26.2256281361037,58.8850164155321,2000-07-31,2000
83,8,2000,31,2000.62340619308,2.68370627842497,0.0470203752784234,0.052301261725951,0.0484489315310988,10.9614057713245,12.208963508093,19.802435233965,2000-08-31,2000
84,9,2000,30,2000.70673952641,2.69859545893495,0.0513554031668333,0.0397560000849708,0.0507698510798619,12.0414224294537,9.18641980626924,14.3210784193011,2000-09-30,2000
85,10,2000,31,2000.79007285974,2.44255636096269,0.0653073404534787,0.0395368255156846,0.0677888944683301,13.7593362866201,8.40118185099544,18.8110887798089,2000-10-31,2001
86,11,2000,30,2000.87340619308,2.07562483882405,0.0878353035813183,0.0716570588860322,0.0927397695057554,15.7022117028532,12.8780222688482,19.9939130566819,2000-11-30,2001
87,12,2000,31,2000.95673952641,1.63963674941212,0.11003137746212,0.082023672140259,0.115511638558119,15.6435382952471,11.7201517310695,18.7317789544168,2000-12-31,2001
88,1,2001,31,2001.04155251142,1.51723489736687,0.132986391707271,0.127806250306684,0.13870335648432,17.4375362973153,16.8586080289905,20.1773324200109,2001-01-31,2001
89,2,2001,28,2001.12237442922,1.40370652713301,0.131906455109169,0.0527946169713294,0.138665615734691,16.013833270521,6.35777660106034,18.9127107057105,2001-02-28,2001
90,3,2001,31,2001.20319634703,1.59213752324531,0.119043629182172,0.136599732203288,0.130712839463168,16.448428636735,18.8095489780778,26.0633718958756,2001-03-31,2001
91,4,2001,30,2001.28675799087,6.22498672671424,0.132604291956933,0.11449860701009,0.144675733297202,76.4026717169341,63.1003072182311,111.621728052862,2001-04-30,2001
92,5,2001,31,2001.3703196347,29.8742729189546,0.110448027938319,0.0867812660680122,0.108677578022374,273.148970008891,209.072151819446,247.235797570561,2001-05-31,2001
93,6,2001,30,2001.45388127854,22.3684208414972,0.064678343264307,0.0405372239845185,0.0665208333687595,130.528263352013,82.0958301474894,203.290568504807,2001-06-30,2001
94,7,2001,31,2001.53744292237,6.28816678716048,0.0529549004836494,0.0411855407527483,0.0514771630413164,29.1359950235265,22.5278599227255,58.0480091312469,2001-07-31,2001
95,8,2001,31,2001.62237442922,5.07510962659263,0.0483203103890202,0.0352716793802869,0.0461975502735091,21.1713968603048,15.1379727388958,19.0076580382443,2001-08-31,2001
96,9,2001,30,2001.70593607306,3.04122929999595,0.0504465362828412,0.0478772263061179,0.0489975226099205,13.2182063768759,12.5133358055121,13.8710683807717,2001-09-30,2001
97,10,2001,31,2001.7894977169,2.35431741389126,0.0633852389752156,0.0534205519071113,0.0664490734299117,12.9714262780573,10.9289370736212,18.4915999816004,2001-10-31,2002
98,11,2001,30,2001.87305936073,2.23891865288342,0.0872042444349436,0.0884987236141688,0.0901241288166754,16.863561681201,17.0234633548621,19.4433507428797,2001-11-30,2002
99,12,2001,31,2001.95662100457,1.64621356534291,0.104981670317346,0.124373222038748,0.110722587468746,14.9754944043169,17.7298954932458,17.9653326723079,2001-12-31,2002
100,1,2002,31,2002.04155251142,1.37345839354656,0.118685386328373,0.122997490798647,0.130932252890016,14.1122081879304,14.6470598377495,19.0572000327883,2002-01-31,2002
101,2,2002,28,2002.12237442922,1.33402685874722,0.121144424395792,0.141514067560241,0.130262725642306,13.9768172684794,16.3506024930234,17.7562855720984,2002-02-28,2002
102,3,2002,31,2002.20319634703,1.68183798496802,0.113706246368683,0.11811805066199,0.122919979314911,16.8001650896485,17.3087338110373,24.6871081251878,2002-03-31,2002
103,4,2002,30,2002.28675799087,8.75651279207399,0.16191441498701,0.120955147353082,0.141939794565354,125.224741768485,94.5672646160198,110.397162199361,2002-04-30,2002
104,5,2002,31,2002.3703196347,12.7489749925042,0.10391464953142,0.0924864044917989,0.108709209923744,112.166982699386,100.406044151446,246.695589194541,2002-05-31,2002
105,6,2002,30,2002.45388127854,8.73669099961592,0.0675951307865441,0.0594162404470139,0.0663819955531917,53.0798618597381,47.2615340192438,202.985119350931,2002-06-30,2002
106,7,2002,31,2002.53744292237,2.87626083373198,0.0496483500605308,0.043266105803666,0.0505565430450677,12.5850338348405,10.9534940127924,57.632303198316,2002-07-31,2002
107,8,2002,31,2002.62237442922,1.79656688509402,0.0386873983958798,0.0395139569497907,0.0447028925686535,6.10992962669443,6.30983983665996,18.3948749361078,2002-08-31,2002
108,9,2002,30,2002.70593607306,2.04268290754849,0.0431006288246741,0.0399024058315536,0.0477284564826041,8.05707171441016,7.53719867515642,13.4920426260323,2002-09-30,2002
109,10,2002,31,2002.7894977169,2.39587923678722,0.0613774144412132,0.0416115657227448,0.0651657280584439,12.6640642433129,8.93583781606155,18.1232573377547,2002-10-31,2003
110,11,2002,30,2002.87305936073,1.95924260024879,0.0798992920135376,0.0746401665933139,0.08759130728419,13.5277043632925,12.4813370815931,18.9173297725144,2002-11-30,2003
111,12,2002,31,2002.95662100457,1.37610738885201,0.0891814848856176,0.0943902969794831,0.105289197400932,10.6404222407769,11.2568277544314,17.1159817859634,2002-12-31,2003
112,1,2003,31,2003.04155251142,1.2526094008183,0.103089859089214,0.11044477201826,0.121575881452853,11.1624804911697,11.9391196417366,17.7296936863707,2003-01-31,2003
113,2,2003,28,2003.12237442922,1.26161663731875,0.103163457648696,0.128921654840881,0.117136969628627,11.3781623619287,14.3272423212912,16.0025911438647,2003-02-28,2003
114,3,2003,31,2003.20319634703,1.56884463349043,0.0980194609173832,0.110156126597186,0.110709148348926,13.3716632989213,15.1577209223024,22.5505619535989,2003-03-31,2003
115,4,2003,30,2003.28675799087,6.43575845318509,0.124912376417115,0.218132691074187,0.135440941242866,75.9194867649014,133.837617451042,106.6988087362,2003-04-30,2003
116,5,2003,31,2003.3703196347,30.1958061422377,0.105809523294703,0.170504338537685,0.108107913991155,256.404065022296,329.32216411307,245.186751063197,2003-05-31,2003
117,6,2003,30,2003.45388127854,29.738352056385,0.0655305153655096,0.0682038955056737,0.0666344223430474,178.484683615213,187.323331992097,203.184618241448,2003-06-30,2003
118,7,2003,31,2003.53744292237,7.04632751251539,0.0521042096026119,0.0418199432202897,0.0506589645506133,31.9573037402499,26.341553110489,57.9271632342424,2003-07-31,2003
119,8,2003,31,2003.62237442922,3.87575416588058,0.0457495491269802,0.0548284425406968,0.0443665522767917,15.3847494895635,18.0572401625061,18.1460223776584,2003-08-31,2003
120,9,2003,30,2003.70593607306,3.47825262895253,0.0488578171153509,0.0555364131812792,0.0471762521392209,14.6992395058042,16.5636700503289,13.2346274290451,2003-09-30,2003
121,10,2003,31,2003.7894977169,2.13326332288416,0.0589551860277719,0.0628699028007395,0.0638315052485037,10.8246044916326,11.6175081385017,17.6496503643932,2003-10-31,2004
122,11,2003,30,2003.87305936073,1.97075811777205,0.0794161180294025,0.0926811032769136,0.0852295629681988,13.6174703124285,15.9401259755599,18.3876629577461,2003-11-30,2004
123,12,2003,31,2003.95662100457,1.68786673290458,0.0973727455743673,0.122123995414078,0.10107609275991,14.2144424883626,17.8183294890324,16.4350908651518,2003-12-31,2004
124,1,2004,31,2004.04143897996,1.72888048780631,0.118094469863752,0.127291541907209,0.1146044906194,17.6735593111824,19.0661369588065,16.7300460204172,2004-01-31,2004
125,2,2004,29,2004.12340619308,1.55147024811005,0.107122769579752,0.112531342703192,0.107051502822825,14.3613986345091,15.0853542864668,14.6396789662318,2004-02-29,2004
126,3,2004,31,2004.20537340619,3.58929729422841,0.12597280032963,0.106724439220873,0.0986491927173579,45.3864579792535,40.0252168266852,20.3716671262632,2004-03-31,2004
127,4,2004,30,2004.28870673953,9.11896842559306,0.153328276408264,0.169469743479107,0.127428949923863,121.617322728948,134.645904228133,102.349389719199,2004-04-30,2004
128,5,2004,31,2004.37204007286,22.8041957933558,0.105229663174295,0.108404110998397,0.106460190173002,204.187220489306,210.977448992671,241.523519080135,2004-05-31,2004
129,6,2004,30,2004.45537340619,20.104017026882,0.0653316244953881,0.077663267370316,0.0664398809071511,115.632767098482,137.514520737879,202.52149148404,2004-06-30,2004
130,7,2004,31,2004.53870673953,6.7595052622004,0.0529843489153281,0.0567338079898569,0.050823776889654,31.3413443890748,33.3046057371592,58.2135054759783,2004-07-31,2004
131,8,2004,31,2004.62340619308,2.68827351171024,0.0435632929259593,0.0586090103460595,0.0444303333347617,10.1973518892225,13.738106025568,18.1041976676452,2004-08-31,2004
132,9,2004,30,2004.70673952641,2.32490747635631,0.0462139240550923,0.0473290204032936,0.0470839027573884,9.38495155407604,9.61445314801912,13.1092669827924,2004-09-30,2004
133,10,2004,31,2004.79007285974,2.60177011328722,0.0632173117657098,0.0681713365950593,0.0632523454233651,14.2804837264424,15.4738011523023,17.3881267934318,2004-10-31,2005
134,11,2004,30,2004.87340619308,2.44081776749209,0.0856054659511492,0.0926195071028559,0.0845274821173638,18.0874034590278,19.6676839699917,18.2016601593671,2004-11-30,2005
135,12,2004,31,2004.95673952641,1.65352113859935,0.0943572689962077,0.0951542915601934,0.0995581249666792,13.6121453546689,13.7780145805101,16.1767429651659,2004-12-31,2005
136,1,2005,31,2005.04155251142,1.51202825142167,0.105360246337091,0.0913258403855143,0.110783291658575,13.7848842085102,11.9610819877842,16.1657950299108,2005-01-31,2005
137,2,2005,28,2005.12237442922,1.56531481462281,0.101702094607788,0.060025050159412,0.101271350042544,13.7696095790471,8.14293910888488,13.8483659763328,2005-02-28,2005
138,3,2005,31,2005.20319634703,1.65416055125928,0.0820545251554224,0.0856786031361313,0.0911796423176595,11.7446308288599,12.2871570453664,18.9981906357069,2005-03-31,2005
139,4,2005,30,2005.28675799087,7.11658982937599,0.112966927542674,0.135139953280476,0.120686168376423,82.6148357840382,95.3471688140216,99.2848291716449,2005-04-30,2005
140,5,2005,31,2005.3703196347,29.661439847861,0.105069390611892,0.113162116673371,0.105891508309684,254.832422407245,276.766054252624,242.962562919913,2005-05-31,2005
141,6,2005,30,2005.45388127854,36.2087514516277,0.0662687974414443,0.071620348649878,0.0670911260005337,206.818297176721,223.083368116354,205.83979125132,2005-06-30,2005
142,7,2005,31,2005.53744292237,17.1536147728191,0.0499674911361725,0.0478320316036835,0.0510111586429132,75.2493869704461,73.3178707373672,59.1742492842053,2005-07-31,2005
143,8,2005,31,2005.62237442922,5.09977268633309,0.0462382878191245,0.0455793746234119,0.0447039788009465,20.4592780276163,20.0948112678276,18.3246152885843,2005-08-31,2005
144,9,2005,30,2005.70593607306,3.12098841726772,0.0483041372798062,0.0388641501627763,0.047483075016084,13.1732263017624,10.7096522121866,13.1816621214813,2005-09-30,2005
145,10,2005,31,2005.7894977169,3.70402619435441,0.0667258890914996,0.0507863994618347,0.0634205701794313,21.2644268830233,16.2976278542552,17.3984212007217,2005-10-31,2006
146,11,2005,30,2005.87305936073,2.77401265976353,0.088928935899341,0.0801630040428645,0.0844945212544014,21.207813575444,18.9838072459452,18.1660747427811,2005-11-30,2006
147,12,2005,31,2005.95662100457,2.09471587395648,0.106585321852441,0.10982585694255,0.0989165690066272,19.3750036562277,19.9663118904702,16.0483213406769,2005-12-31,2006
148,1,2006,31,2006.04155251142,2.1237634776508,0.126296446656047,0.121029525439614,0.107954442230173,23.242118287724,22.2065449113892,15.7411636745889,2006-01-31,2006
149,2,2006,28,2006.12237442922,1.83543730266116,0.106262556077655,0.108100623997622,0.0960466380266037,16.9159364359489,17.1841992786549,13.1311456228957,2006-02-28,2006
150,3,2006,31,2006.20319634703,1.95194416145892,0.0827278952586662,0.109263094730253,0.0841755740901513,13.9498258002253,18.3866389233551,17.5687755526914,2006-03-31,2006
151,4,2006,30,2006.28675799087,12.0979950530658,0.122413458048647,0.126000315857393,0.108687472929717,146.902448756393,148.352660748818,90.4271340418008,2006-04-30,2006
152,5,2006,31,2006.3703196347,34.2889606124971,0.108236397096125,0.101772437998513,0.101274141192165,312.884564840319,294.696132268252,238.442645023485,2006-05-31,2006
153,6,2006,30,2006.45388127854,27.1407533494983,0.0664196560917328,0.0655315158155232,0.0674680574327754,161.981891528867,158.35381280407,209.319957395037,2006-06-30,2006
154,7,2006,31,2006.53744292237,9.74190859748206,0.0517319409888806,0.0570165235019536,0.0510151161791194,43.9131271772504,48.9712862618969,60.2515371639404,2006-07-31,2006
155,8,2006,31,2006.62237442922,4.5681467319276,0.0463114535876905,0.0478698961320672,0.0453808684691461,18.3997943599601,19.0287474016005,18.7120336420057,2006-08-31,2006
156,9,2006,30,2006.70593607306,4.20391901189384,0.0503360829573395,0.0592552865008281,0.0486202860409988,18.6555472619006,21.7684791576094,13.5004120002207,2006-09-30,2006
157,10,2006,31,2006.7894977169,7.25642024363784,0.0674408811060128,0.0688232954490933,0.0640331917044191,41.9831433157354,42.9074019356822,17.5557613320248,2006-10-31,2007
158,11,2006,30,2006.87305936073,4.18145431377469,0.0967039463280494,0.0943430975488663,0.0842365978996899,34.7247269904323,33.8769550379756,18.0464883127881,2006-11-30,2007
159,12,2006,31,2006.95662100457,2.8547948372912,0.120437643393613,0.121174794893979,0.0980868829589841,29.6935090231522,29.8996035509737,15.8590287315249,2006-12-31,2007
160,1,2007,31,2007.04155251142,1.97916487183914,0.116212183254073,0.0923150676273525,0.10576195382815,20.1477893940386,16.1476203576695,15.3963386312673,2007-01-31,2007
161,2,2007,28,2007.12237442922,1.71296694211663,0.0986916484272811,0.0744758760704753,0.0929463311023914,14.6213822266873,11.0447458486056,12.7136834532165,2007-02-28,2007
162,3,2007,31,2007.20319634703,3.89036931239345,0.10770129936903,0.0658740331249367,0.0793034642631049,41.5923796966719,29.8421287218901,16.3919947162124,2007-03-31,2007
163,4,2007,30,2007.28675799087,9.55410396479174,0.115620773989356,0.105702754573757,0.0997022000912153,97.045771106567,89.3988124584077,83.7274692866247,2007-04-30,2007
164,5,2007,31,2007.3703196347,22.722899040878,0.097493977836552,0.0904111576895681,0.0979748873398228,194.480378051562,180.693155964431,235.000402414634,2007-05-31,2007
165,6,2007,30,2007.45388127854,18.2502074846126,0.0640733490791094,0.0563588229531039,0.068179189747135,103.637527941761,89.3534209487997,213.898024656431,2007-06-30,2007
166,7,2007,31,2007.53744292237,5.65514825382198,0.0506418261276372,0.0489187921388675,0.0515702303583208,24.8480130000377,24.0178026334858,61.4799538995416,2007-07-31,2007
167,8,2007,31,2007.62237442922,3.03319096941387,0.0455203021293715,0.044182539809317,0.0463189688082968,11.9813001698177,11.5717344599979,19.0902540229815,2007-08-31,2007
168,9,2007,30,2007.70593607306,3.41595556694144,0.049743866635996,0.0499520258341976,0.0492207941540635,14.9158780784391,15.0190985677801,13.5901223480442,2007-09-30,2007
169,10,2007,31,2007.7894977169,3.15367458347931,0.0635158180229573,0.051089779593637,0.062851797199205,17.1927765602387,13.9809881003416,17.1724430144538,2007-10-31,2008
170,11,2007,30,2007.87305936073,2.17445063265073,0.0792581102769477,0.0816759029506764,0.0812036791675149,14.8218555195275,15.0217836937314,17.3222378367537,2007-11-30,2008
171,12,2007,31,2007.95662100457,1.99158774637507,0.0973856036070823,0.112640443228396,0.0952931952642199,16.7564679474947,19.4321004827417,15.3253340880269,2007-12-31,2008
172,1,2008,31,2008.04143897996,1.71746240459313,0.103631416383403,0.107175738952074,0.102434261247624,15.3950508078856,15.9185647726903,14.8721815184359,2008-01-31,2008
173,2,2008,29,2008.12340619308,1.73172162189135,0.0945236092574754,0.0938759237426478,0.0888096765145101,14.1387838960981,14.0377620298578,12.1395731049551,2008-02-29,2008
174,3,2008,31,2008.20537340619,1.89010382277636,0.0724017588081409,0.05072704606831,0.0735913225639991,11.8176818221418,8.33477520985952,15.079332539655,2008-03-31,2008
175,4,2008,30,2008.28870673953,5.66535145298128,0.0744885592889725,0.0714431038792325,0.0906036905244244,43.9877389240564,43.2899288095579,76.3791898739483,2008-04-30,2008
176,5,2008,31,2008.37204007286,35.9057611954829,0.101573277196839,0.106844135384247,0.0929565167788267,315.34633466249,336.453518042248,226.198019570804,2008-05-31,2008
177,6,2008,30,2008.45537340619,53.5094006880106,0.0737940485043584,0.0781992026444509,0.0679509205134447,343.335910025368,363.711719809526,214.752721739743,2008-06-30,2008
178,7,2008,31,2008.53870673953,23.9651864944716,0.0545898448450873,0.0567685638910012,0.05210799545052,116.972329065947,121.542409683331,62.0329111405757,2008-07-31,2008
179,8,2008,31,2008.62340619308,6.83623478139295,0.0480294951743057,0.0576748096425731,0.0473405933804104,28.5372748829614,34.7477414058075,19.3937661466353,2008-08-31,2008
180,9,2008,30,2008.70673952641,3.91905153742495,0.0495564557817371,0.048081403106098,0.0496716010520722,16.7078870880251,16.2343957270268,13.5490680578674,2008-09-30,2008
181,10,2008,31,2008.79007285974,3.26374490565433,0.061396378688788,0.0610834561460269,0.0610472465263464,17.1682534104294,17.1187607963125,16.504591386364,2008-10-31,2009
182,11,2008,30,2008.87340619308,2.37323489415885,0.0779204424402155,0.0711238338412589,0.0782172078337521,15.8867160801058,14.5958650433535,16.5791778416037,2008-11-30,2009
183,12,2008,31,2008.95673952641,1.92709841238705,0.0934881860044338,0.0913254139725102,0.0925715958348174,15.5547098315591,15.182566305421,14.8315641880764,2008-12-31,2009
184,1,2009,31,2009.04155251142,1.78249980657539,0.10335890868528,0.103592369735489,0.100645488791438,15.9225942555938,15.964204809328,14.5818626075997,2009-01-31,2009
185,2,2009,28,2009.12237442922,1.6523891172065,0.0922615963015146,0.0900221367864257,0.0890575811983911,13.1970485390901,12.8760773252204,12.1633347132341,2009-02-28,2009
186,3,2009,31,2009.20319634703,2.11033581179211,0.0747693824611311,0.0706043779056344,0.0730502092371863,13.8783323974369,13.0554674436549,14.7317444617816,2009-03-31,2009
187,4,2009,30,2009.28675799087,13.0217849711,0.10054269148964,0.102256464826267,0.0846618299489905,137.75566676365,141.729131568352,71.1638726758792,2009-04-30,2009
188,5,2009,31,2009.3703196347,50.0011565604848,0.113777389069548,0.113504420115555,0.0896647090519251,486.499395470438,486.233184092608,221.122602831207,2009-05-31,2009
189,6,2009,30,2009.45388127854,33.8197535129903,0.068152915859977,0.0648474865238751,0.0677390971990477,202.87027182737,193.137936655614,215.081555457949,2009-06-30,2009
190,7,2009,31,2009.53744292237,12.4539317222757,0.0522878125866603,0.0458639240755339,0.0523416517835933,57.5659238103909,50.9730163162251,62.0804845277851,2009-07-31,2009
191,8,2009,31,2009.62237442922,3.44643423706515,0.0487137763997238,0.0459650833538173,0.0485302488682479,14.4988959855897,13.6509472894305,19.6151883752079,2009-08-31,2009
192,9,2009,30,2009.70593607306,2.39069694941953,0.0515821860077854,0.0426630436366299,0.050555974382379,10.6126577055913,8.83479727752504,13.609277144539,2009-09-30,2009
193,10,2009,31,2009.7894977169,2.74563796177324,0.0601554874814898,0.0533705482037692,0.0597862871349915,14.2963681155046,12.6782614170359,16.0181015823194,2009-10-31,2010
194,11,2009,30,2009.87305936073,2.33340253026691,0.0760294867573222,0.0757583195182937,0.0761258952370672,15.2591573653273,15.2130777875003,16.0477361645151,2009-11-30,2010
195,12,2009,31,2009.95662100457,1.72741897315502,0.0909905589711882,0.101008013004534,0.0915042849990698,13.6097407552738,15.1582651722285,14.6007855967792,2009-12-31,2010
196,1,2010,31,2010.04155251142,1.70092902010045,0.101320832706075,0.140858451265314,0.100205238682605,14.8970480916621,20.6806078846508,14.484446455452,2010-01-31,2010
197,2,2010,28,2010.12237442922,1.57906871143046,0.0896348456434054,0.0913655264212668,0.0889063142907482,12.2861830019429,12.5185255380919,12.1300936907765,2010-02-28,2010
198,3,2010,31,2010.20319634703,1.63369934614127,0.0656632675039432,0.0681262627742752,0.0711276287514075,9.24616806093792,9.59239688122313,14.1881015953973,2010-03-31,2010
199,4,2010,30,2010.28675799087,12.3832400854863,0.0902945017921063,0.0859216830599855,0.0786021705164885,127.53503259666,120.152497515792,66.0206461532483,2010-04-30,2010
200,5,2010,31,2010.3703196347,20.5187522574064,0.0752120408302841,0.0501666256651552,0.0850707118198049,140.029645365934,99.4159479910348,212.734971227716,2010-05-31,2010
201,6,2010,30,2010.45388127854,37.4499732174548,0.0682440952266015,0.0607130715602984,0.066352055689416,239.107357562533,214.684143479031,212.752753009395,2010-06-30,2010
202,7,2010,31,2010.53744292237,7.49300292781485,0.0503893437032583,0.0362919640721301,0.0516704514085761,32.9509628180055,22.5522973813866,61.376462622755,2010-07-31,2010
203,8,2010,31,2010.62237442922,4.34818877690897,0.0485493211819085,0.0520492882969017,0.049499533772405,18.1791242090166,19.4584388997131,19.7331269778927,2010-08-31,2010
204,9,2010,30,2010.70593607306,2.11017139139384,0.0542867143660844,0.0557144330795445,0.0516156979848691,9.817101881938,10.0844935096838,13.7306148871501,2010-09-30,2010
205,10,2010,31,2010.7894977169,2.05552901236886,0.0621262142354387,0.0650734710710708,0.0594042105364332,11.1051463997819,11.6423451752129,15.774204205506,2010-10-31,2011
206,11,2010,30,2010.87305936073,2.89964506815256,0.0747937007110875,0.0765820460977738,0.0753521570852376,18.5629345841152,19.0125002780037,15.8200662622431,2010-11-30,2011
207,12,2010,31,2010.95662100457,2.31083735301548,0.0944203944289974,0.0991793053561633,0.0920702888235173,18.7798808726122,19.7706184230504,14.6652691901694,2010-12-31,2011
208,1,2011,31,2011.04155251142,1.94847306416212,0.107202211943185,0.112213881210911,0.102099954109926,18.0591982469788,18.9156561337242,14.7379178972225,2011-01-31,2011
209,2,2011,28,2011.12237442922,1.68596480647221,0.0950624239934912,0.0871813300723395,0.0917719764650691,13.9085326902178,12.7846907626308,12.4994452447358,2011-02-28,2011
210,3,2011,31,2011.20319634703,1.9498432341477,0.0723411805219644,0.0691389751755171,0.0722704048213513,12.1385153321229,11.6278686756859,14.1780454388968,2011-03-31,2011
211,4,2011,30,2011.28675799087,6.56469449365047,0.0703345662319409,0.080483307970115,0.0748175906944251,40.8270683600658,46.366929810616,62.0620844779147,2011-04-30,2011
212,5,2011,31,2011.3703196347,24.9809391771158,0.079951215438823,0.0793785089932438,0.0823436481851014,180.930481434805,177.81425200636,207.201168624404,2011-05-31,2011
213,6,2011,30,2011.45388127854,61.4947513639777,0.0768093092851711,0.0700340707523653,0.0656056980347831,408.155632962339,371.939842647163,210.947268788371,2011-06-30,2011
214,7,2011,31,2011.53744292237,35.7267256507003,0.0570405515106442,0.0539124960855412,0.0511629359028432,184.146682912774,175.979015010544,60.948408512735,2011-07-31,2011
215,8,2011,31,2011.62237442922,7.07464435888407,0.0472436877765599,0.0495399204907156,0.050109897304812,29.0057440246999,29.6894723149413,19.7364102979457,2011-08-31,2011
216,9,2011,30,2011.70593607306,4.4702861467352,0.0479593410857799,0.0540188448364215,0.0527859549754374,18.4100179528553,20.9436198994073,13.904337464453,2011-09-30,2011
217,10,2011,31,2011.7894977169,3.58801846890854,0.0571109563477626,0.0470368837533133,0.0593535679328522,17.645574128433,14.4730508417599,15.6443443601995,2011-10-31,2012
218,11,2011,30,2011.87305936073,2.63139014355329,0.0752783740440289,0.0741197656385447,0.0756288506492981,17.0209582854802,16.7442424806628,15.8402144394155,2011-11-30,2012
219,12,2011,31,2011.95662100457,1.8739358169465,0.0931622743952283,0.0907071518364923,0.0932494795645862,15.0408646393852,14.6680612767329,14.8262610299404,2011-12-31,2012
220,1,2012,31,2012.04143897996,1.6020940918072,0.104512336283021,0.0995153669221281,0.104972484958557,14.4800019424183,13.8026581265074,15.137076154591,2012-01-31,2012
221,2,2012,29,2012.12340619308,1.49883997158344,0.0929558409596989,0.0891701993477646,0.0944097788084216,12.0897627397861,11.5899492657453,12.8585606607279,2012-02-29,2012
222,3,2012,31,2012.20537340619,3.23588478261418,0.0807005005161663,0.0776223998635539,0.0725513043542728,25.0329253385268,24.7118240639801,14.1599290725245,2012-03-31,2012
223,4,2012,30,2012.28870673953,8.09956195632068,0.076558295424559,0.0783980803049171,0.0735335950152844,54.8756629371219,56.7168541507416,60.4543360524957,2012-04-30,2012
224,5,2012,31,2012.37204007286,12.5388822613817,0.062036659016211,0.073780498910798,0.0798015738446552,67.6736395973807,79.7722037297524,201.086102313831,2012-05-31,2012
225,6,2012,30,2012.45537340619,7.74088190231743,0.0508880939292772,0.0527356774457144,0.064816580533955,34.8855213842677,36.28059465924,208.577904904941,2012-06-30,2012
226,7,2012,31,2012.53870673953,2.92768788052412,0.0512932121831621,0.0521213325477419,0.0510680379061819,12.9478950560592,13.150136298848,60.5396156875746,2012-07-31,2012
227,8,2012,31,2012.62340619308,1.84762855322334,0.0570702292350844,0.0599479246084425,0.0508336898037503,9.04926738781857,9.52230962705269,19.8890263324224,2012-08-31,2012
228,9,2012,30,2012.70673952641,1.48408591818238,0.0621002972170483,0.0621171852074151,0.0538396636384653,7.91010954150741,7.89493288301471,14.1068576330768,2012-09-30,2012
229,10,2012,31,2012.79007285974,1.46443768058915,0.0677920298272203,0.0671254770649928,0.0600982883322069,8.57054250906686,8.48403726361798,15.784523993764,2012-10-31,2013
230,11,2012,30,2012.87340619308,1.24924487229815,0.0804564665396602,0.0651050180131883,0.0762727140818448,8.64200873711278,7.0968425710484,15.9414566639319,2012-11-30,2013
231,12,2012,31,2012.95673952641,1.17478374563729,0.0936058028102051,0.0852181262438138,0.0949991999625965,9.50375651993681,8.65813463637578,15.0921478811729,2012-12-31,2013
232,1,2013,31,2013.04155251142,1.16016859912442,0.0999626780272538,0.104054493457693,0.108439185157859,10.0217502803828,10.4463016142774,15.640593428993,2013-01-31,2013
233,2,2013,28,2013.12237442922,1.19264489009219,0.0860191477355133,0.104810517499747,0.0979328164040487,8.87409217853676,10.8158515974959,13.3501372831826,2013-02-28,2013
234,3,2013,31,2013.20319634703,1.33555035727881,0.0634597126430572,0.0545983507932297,0.0750098922821248,7.30571633489714,6.21097297165258,14.6677565635988,2013-03-31,2013
235,4,2013,30,2013.28675799087,4.1212338204973,0.0596868966646986,0.0434538056377399,0.0756090795837784,23.0884343606382,19.1217063362589,61.7373281386076,2013-04-30,2013
236,5,2013,31,2013.3703196347,20.0958264551904,0.0725179926301958,0.0705474639059434,0.0803236057620774,129.966754745155,126.223751056376,201.583382359452,2013-05-31,2013
237,6,2013,30,2013.45388127854,22.6487576205471,0.0599552059083714,0.052240155267234,0.0649607594011774,122.342229508103,104.323172230699,208.764343715011,2013-06-30,2013
238,7,2013,31,2013.53744292237,5.67341718696307,0.0505567486245506,0.048652268757156,0.0517439433979079,24.7530562837944,23.7676181328886,60.8984078122426,2013-07-31,2013
239,8,2013,31,2013.62237442922,3.65205107956803,0.0521343826651902,0.0461396801644198,0.05198971191745,16.3482396172727,14.5333163785651,20.2590807133791,2013-08-31,2013
240,9,2013,30,2013.70593607306,5.58719695700373,0.0487466606285742,0.0462468445360984,0.0547764684527179,22.5339544513633,21.2940718481832,14.3097925726803,2013-09-30,2013
241,10,2013,31,2013.7894977169,4.7910277162488,0.0529415013063449,0.0380363953337461,0.0601556131497621,21.7025223275719,15.8267939665354,15.718504274044,2013-10-31,2014
242,11,2013,30,2013.87305936073,3.24293963562883,0.0733605579390656,0.0610286401941566,0.0761900991090439,20.3850249555465,17.0425927608936,15.8905548295814,2013-11-30,2014
243,12,2013,31,2013.95662100457,2.41022034930297,0.0970310689034833,0.0821452570276171,0.0956052614829458,20.1728985114149,17.0273840290049,15.1822426752932,2013-12-31,2014
244,1,2014,31,2014.04155251142,2.01040474751039,0.116497581626863,0.115621628991415,0.11030069542229,20.2207972469232,20.050488534242,15.9173491271082,2014-01-31,2014
245,2,2014,28,2014.12237442922,1.78032058383641,0.107190959350647,0.110409034176059,0.100119579118252,16.5018771323167,16.9920999615092,13.6585868477172,2014-02-28,2014
246,3,2014,31,2014.20319634703,2.02118341806363,0.0795197138477148,0.0894508580083333,0.077070293234563,13.8063859615412,15.5222260845653,15.1327845512054,2014-03-31,2014
247,4,2014,30,2014.28675799087,13.7995543513596,0.091655039065501,0.0936056686948422,0.0781915065671446,128.995053439341,130.503079855274,63.2984088809436,2014-04-30,2014
248,5,2014,31,2014.3703196347,30.2268633285775,0.0840521202125447,0.0954618312018502,0.0808216143982607,224.408469162276,255.976700314741,200.140253556379,2014-05-31,2014
249,6,2014,30,2014.45388127854,47.2324997429538,0.0702744405621419,0.0728960479908825,0.0649580635469177,298.617334805511,312.545926373688,206.526054745778,2014-06-30,2014
250,7,2014,31,2014.53744292237,14.7667786579367,0.0520308179739493,0.0410952885765545,0.0529708978461509,67.2605223308503,55.1826433284983,61.1100180031532,2014-07-31,2014
251,8,2014,31,2014.62237442922,4.79833528950523,0.0513188227990491,0.0503823998421763,0.053262771400327,21.1437575107815,20.6326029930475,20.6697051403291,2014-08-31,2014
252,9,2014,30,2014.70593607306,4.67888691498445,0.04981451230555,0.0504237524363794,0.056043938113545,19.9008502198628,20.1100618572671,14.6248736831732,2014-09-30,2014
253,10,2014,31,2014.7894977169,5.05958103342271,0.0531938420404871,0.0511332228110906,0.0607827709323181,23.0364830021862,22.2918397230468,15.8741252928259,2014-10-31,2015
254,11,2014,30,2014.87305936073,3.13165442939992,0.0729065102447607,0.0656158821368698,0.0758922582317118,19.5447039989881,17.478244564674,15.8159208507319,2014-11-30,2015
255,12,2014,31,2014.95662100457,2.3956052027901,0.0962251129987066,0.0941491173697869,0.0945017850472379,19.8515920342134,19.4306549238997,15.0269734869858,2014-12-31,2015
256,1,2015,31,2015.04155251142,1.9970684263174,0.116758717598614,0.103126517392255,0.109246942464312,20.1560089992126,17.8662321295296,15.7988543713127,2015-01-31,2015
257,2,2015,28,2015.12237442922,1.99310145797819,0.116173642063578,0.108732495322881,0.100235771565848,20.0465464610151,18.7776450447064,13.6969215719214,2015-02-28,2015
258,3,2015,31,2015.20319634703,3.66812774073218,0.0987263480551253,0.0914392577934334,0.0791430131517873,32.7652809860096,29.7441535225246,15.6198766000657,2015-03-31,2015
259,4,2015,30,2015.28675799087,8.70271078397351,0.0902196226432572,0.0755482499413541,0.0816282706411723,68.7872753334457,57.4812994636564,65.347716585191,2015-04-30,2015
260,5,2015,31,2015.3703196347,15.244511259576,0.0732535729559049,0.0722840499185567,0.0824370519751442,96.4782472119158,95.1157274287994,202.227570105708,2015-05-31,2015
261,6,2015,30,2015.45388127854,41.0669783936138,0.0678108791109193,0.0661717419299144,0.0657309561307612,245.076414520661,240.482813256696,207.205733531142,2015-06-30,2015
262,7,2015,31,2015.53744292237,12.2995592372336,0.0538764101153639,0.0400457037023799,0.0547028871880261,57.3572359215713,42.2410908492737,62.2855236193074,2015-07-31,2015
263,8,2015,31,2015.62237442922,4.39367842043026,0.0536611046418209,0.05348842640004,0.0547326317025604,20.2858640284998,20.1335225213334,21.2678433119891,2015-08-31,2015
264,9,2015,30,2015.70593607306,3.61898735540486,0.0537249764137303,0.0514711158057967,0.0570379945698319,16.5715628811492,15.9435941280241,14.8784370950862,2015-09-30,2015
265,10,2015,31,2015.7894977169,2.33677923807582,0.065151369076632,0.0609639671206451,0.061560651471847,13.1176501966798,12.2618259212678,16.0625743765641,2015-10-31,2016
266,11,2015,30,2015.87305936073,2.28092197499696,0.076587911992293,0.107020097536185,0.0757964407895562,15.0958229275952,21.1575744680132,15.7975332722684,2015-11-30,2016
267,12,2015,31,2015.95662100457,1.90060845933248,0.092914759915721,0.101348968772021,0.0930404091696851,15.2053582031055,16.6542975284371,14.8000536112296,2015-12-31,2016
268,1,2016,31,2016.04143897996,1.55724386094584,0.104941509909055,0.104987153198381,0.106845342892471,14.136234191668,14.1576112439331,15.4464646789171,2016-01-31,2016
269,2,2016,29,2016.12340619308,1.54883385206883,0.0986826201358645,0.129951806921132,0.0988126108335568,13.194031851997,17.5254041718658,13.4905319030436,2016-02-29,2016
270,3,2016,31,2016.20537340619,2.10567723384113,0.0844258780317494,0.098465729366642,0.0797142127442678,15.394778127491,17.894132362588,15.7705890239592,2016-03-31,2016
271,4,2016,30,2016.28870673953,7.3391602418338,0.0841991168605839,0.0849197447121261,0.0839460860384584,55.7788906567744,55.5449994903359,66.4424873657923,2016-04-30,2016
272,5,2016,31,2016.37204007286,18.6580614169872,0.0768701461503434,0.0754655353905585,0.0835581911630509,124.199766837898,122.139184104022,203.062831759321,2016-05-31,2016
273,6,2016,30,2016.45537340619,36.3399528398026,0.0669497502121,0.0669484869640455,0.0667233772130429,216.201672437992,216.763192994022,207.92192160891,2016-06-30,2016
274,7,2016,31,2016.53870673953,8.47495808414802,0.0572256368731811,0.0567724995442123,0.0565721053775948,42.1221374086417,41.1855627167153,63.6767590382602,2016-07-31,2016
275,8,2016,31,2016.62340619308,3.52371182425193,0.0561870168788311,0.0667292572768959,0.0558366633827147,17.0486606384377,20.1657377984407,21.7192895010182,2016-08-31,2016
276,9,2016,30,2016.70673952641,2.8859585924077,0.0573699131962879,0.069317102775807,0.0580698827050097,14.2780084881316,17.3441091760687,15.1878253276188,2016-09-30,2016
277,10,2016,31,2016.79007285974,2.56916006763038,0.0642430148391368,0.064901135618796,0.0626113837454107,14.2008033289544,14.3409509801144,16.387142571202,2016-10-31,2017
278,11,2016,30,2016.87340619308,2.09931660028584,0.0766240406118186,0.0793770183084357,0.0752656921984596,13.7943583965339,14.2460082777361,15.6961698067524,2016-11-30,2017
279,12,2016,31,2016.95673952641,1.66932376576638,0.0906038758329549,0.104080291055205,0.0910475432065297,13.0733014571601,15.0217818208266,14.4849819893683,2016-12-31,2017
280,1,2017,31,2017.04155251142,1.56957539081607,0.102623688311671,0.10289992302662,0.104339428919033,13.9592305081832,14.0016709274201,15.0860325791659,2017-01-31,2017
281,2,2017,28,2017.12237442922,1.56582047259368,0.0982269182236431,0.108569963254656,0.0976195900281562,13.2951584898403,14.6991267455044,13.3300321717216,2017-02-28,2017
282,3,2017,31,2017.20319634703,3.44762171771932,0.0957548734258689,0.107367219922095,0.0810029385142658,31.1447034541142,35.0295625839663,16.0591117345025,2017-03-31,2017
283,4,2017,30,2017.28675799087,14.4897302868522,0.107435248395403,0.101926595865283,0.087497481018262,139.518180499993,130.146058934902,69.0228753553825,2017-04-30,2017
284,5,2017,31,2017.3703196347,29.6340364481494,0.0896197907687191,0.0859925696709986,0.086764429315414,233.592871188521,226.580189119561,209.578382837775,2017-05-31,2017
285,6,2017,30,2017.45388127854,53.5424370087741,0.0729111245866428,0.0588269303927456,0.068545302271198,344.781986375995,279.392755674146,212.577165918473,2017-06-30,2017
286,7,2017,31,2017.53744292237,15.8912314927703,0.0566146717405551,0.0468597617253502,0.0580409028499967,77.9951563816701,65.4587889452264,65.0703925303294,2017-07-31,2017
287,8,2017,31,2017.62237442922,5.88259647142846,0.0544983185579736,0.0516544348340168,0.0567277160936811,27.6691870188547,25.7848391963069,22.0747926093724,2017-08-31,2017
288,9,2017,30,2017.70593607306,2.78137503981939,0.0586180672379448,0.0622035716353246,0.0587122300452751,14.0438831058343,14.9029113888886,15.3766080183396,2017-09-30,2017
289,10,2017,31,2017.7894977169,2.77623842478455,0.0635025029810171,0.065440838198234,0.0630468762600355,15.1311458609263,15.6170718507007,16.5217854721552,2017-10-31,2018
290,11,2017,30,2017.87305936073,2.14934302887051,0.0756763405250172,0.0778211502618752,0.0745821364627063,13.9950703977412,14.4154151740404,15.5661132599746,2017-11-30,2018
291,12,2017,31,2017.95662100457,1.60419501911842,0.0882807731050776,0.0912282375775339,0.0890629936142482,12.2243732391292,12.6339607656783,14.1797287498597,2017-12-31,2018
292,1,2018,31,2018.04155251142,1.48809594900685,0.0981028340739065,0.146911659894441,0.101309019980271,12.6252572644992,18.9477586654413,14.655953387668,2018-01-31,2018
293,2,2018,28,2018.12237442922,1.42059550336004,0.0903133751782359,0.0993109355493155,0.0949932383874271,11.1193242701913,12.2085512786461,12.9759772383708,2018-02-28,2018
294,3,2018,31,2018.20319634703,1.49156704630365,0.0700008175800129,0.0872202405657667,0.080355985413658,9.0167957322398,11.1697087619413,16.054322619666,2018-03-31,2018
295,4,2018,30,2018.28675799087,6.02658002315771,0.0867613143745295,0.0816418091153038,0.0907669813435033,46.449802533431,42.7234338300314,71.8773812574275,2018-04-30,2018
296,5,2018,31,2018.3703196347,18.0725421098155,0.0843004964252334,0.0678761008394007,0.0898418057098077,131.639444327272,105.423807147621,215.664821309398,2018-05-31,2018
297,6,2018,30,2018.45388127854,10.4819526308054,0.0667247205635638,0.062487905913112,0.0701769168765816,62.004809774074,57.8951870766376,216.681118905197,2018-06-30,2018
298,7,2018,31,2018.53744292237,2.76491168623708,0.0607351423803357,0.0536719460440497,0.0592683124385991,14.4930679886119,12.7090804706969,66.2853016679444,2018-07-31,2018
299,8,2018,31,2018.62237442922,1.59314231456807,0.0658016602321959,0.0689477088347801,0.0575762627605514,9.0405393115801,9.46819095474432,22.3443051544542,2018-08-31,2018
300,9,2018,30,2018.70593607306,1.40413802193481,0.0711425756616055,0.0717271706441146,0.0592940654615983,8.6244727016834,8.69912486951638,15.4911765848861,2018-09-30,2018
301,10,2018,31,2018.7894977169,2.67822559848265,0.0644386360233883,0.0584435487067792,0.0631290108665579,14.8304630074953,13.3281058053315,16.5069728338574,2018-10-31,2019
302,11,2018,30,2018.87305936073,1.95848748434562,0.0759018940311166,0.0758431484292684,0.0739114560884112,12.7229116647668,12.6121641835682,15.4309976864514,2018-11-30,2019
303,12,2018,31,2018.95662100457,1.50088420220561,0.0859760897264555,0.0877680818673343,0.0874564406862771,11.1336203900215,11.388355458334,13.9309600844963,2018-12-31,2019
304,1,2019,31,2019.04155251142,1.35665097505676,0.0926655240382486,0.0897320838815636,0.0990587251153111,10.8756967550847,10.519515385412,14.3339288186279,2019-01-31,2019
305,2,2019,28,2019.12237442922,1.26586416427405,0.082276554816515,0.0882266003606303,0.0931982517368699,9.01217973855349,9.65873287291804,12.7341667705884,2019-02-28,2019
306,3,2019,31,2019.20319634703,1.28558482513795,0.0638351282482875,0.0709052492071825,0.0798408914175799,7.09408152478011,7.88926554259915,16.027180010497,2019-03-31,2019
307,4,2019,30,2019.28675799087,9.18919420458738,0.0886078780976755,0.150228725124104,0.0932640607515141,86.3553526898826,151.955277274655,74.4580837951197,2019-04-30,2019
308,5,2019,31,2019.3703196347,20.7224508619295,0.0912046635856421,0.106204989731137,0.0927074831328741,165.961258381462,190.533540942496,221.355259598735,2019-05-31,2019
309,6,2019,30,2019.45388127854,55.5189528853078,0.0745398328225902,0.0833395318953423,0.071592162624322,359.241460853051,399.359120696832,220.406179807808,2019-06-30,2019
310,7,2019,31,2019.53744292237,31.3942481562926,0.0576434860782323,0.0585014977995686,0.0605432255702467,161.214436149464,163.310628723311,67.3625120512673,2019-07-31,2019
311,8,2019,31,2019.62237442922,7.89857324354687,0.0542348014516377,0.0611270491744256,0.0585020442262123,36.7823196637881,39.7934338276115,22.7196464039874,2019-08-31,2019
312,9,2019,30,2019.70593607306,2.90455332152313,0.0590389995119745,0.0759035694191171,0.0596101608662851,14.725340390618,19.3934663220141,15.59223666949,2019-09-30,2019
313,10,2019,31,2019.7894977169,2.22753101789215,0.0670724681172585,0.0673460110868902,0.0628853253149373,12.9025908317528,12.9548284284871,16.4545373213215,2019-10-31,2020
314,11,2019,30,2019.87305936073,2.06845123774398,0.0745458878597906,0.070032988569279,0.0730382540030624,13.2721883720491,12.3939148074832,15.2442803114808,2019-11-30,2020
315,12,2019,31,2019.95662100457,1.7304333471233,0.0854979522858862,0.0945141778509584,0.0861595937394937,12.7605328001573,14.067226935145,13.7255122795119,2019-12-31,2020
316,1,2020,31,2020.04143897996,1.56446008953657,0.0955557713461967,0.151745159082422,0.0972988451871088,12.9129267491629,20.5069381505801,14.0793966942817,2020-01-31,2020
317,2,2020,29,2020.12340619308,1.42550910391835,0.0867649021247713,0.086538532071102,0.0911888398706492,10.7203559227948,10.7112424242305,12.4585252652925,2020-02-29,2020
318,3,2020,31,2020.20537340619,1.54080182111887,0.0697423332033606,0.0367865304420513,0.0784133672797613,9.28580676503644,4.84111135992575,15.831158000301,2020-03-31,2020
319,4,2020,30,2020.28870673953,5.16933469408995,0.0804800412847979,0.0596291189025932,0.0949138269582414,40.7868799350779,34.0872001028077,76.215400277273,2020-04-30,2020
320,5,2020,31,2020.37204007286,22.5228542229831,0.0942273942416695,0.0958155602173592,0.094710502734176,182.154066188864,186.024434649811,224.8998322966,2020-05-31,2020
321,6,2020,30,2020.45537340619,20.2814692641257,0.0719455022778539,0.0739317865312018,0.0731242022502024,129.852080430486,134.600246244632,224.726770998842,2020-06-30,2020
322,7,2020,31,2020.53870673953,4.40189944034375,0.0641069470520318,0.062068813778014,0.0620203452606273,24.5161588043336,23.7462095461056,68.9858724584984,2020-07-31,2020
323,8,2020,31,2020.62340619308,2.03314956927103,0.0654655990534318,0.0629315080013975,0.0594059199988164,11.4136311528164,11.004132541757,23.1084371586996,2020-08-31,2020
324,9,2020,30,2020.70673952641,1.85050591019306,0.066663517312572,0.0676963661218911,0.0599115031597454,10.62275797939,10.7806341799472,15.691650772923,2020-09-30,2020
325,10,2020,31,2020.79007285974,1.64730970133138,0.0719951622320445,0.0799343575596564,0.0627039022107719,10.2450257480357,11.365448438371,16.4234561872249,2020-10-31,2021
326,11,2020,30,2020.87340619308,1.80123459751157,0.0753654304885727,0.0733957217139586,0.0723442935006094,11.6976453277402,11.4337966871871,15.1043242237517,2020-11-30,2021
327,12,2020,31,2020.95673952641,1.26941681930809,0.0827083458762367,0.0793937566320702,0.0850903337943397,9.06667661421324,8.68987210732294,13.5587326454687,2020-12-31,2021
328,1,2021,31,2021.04155251142,1.15213026854235,0.0846832874888165,0.0592650108923053,0.0958515865760005,8.43911328252132,5.91762787440122,13.8721778119325,2021-01-31,2021
329,2,2021,28,2021.12237442922,1.1778796773428,0.0762411477338926,0.06833856173054,0.0899854024514157,7.7721579702825,6.96638732473818,12.2954924308528,2021-02-28,2021
330,3,2021,31,2021.20319634703,1.20054294136621,0.059506355530812,0.0611971884197448,0.0782903619598133,6.16883412499196,6.33703750690597,15.9004242803625,2021-03-31,2021
331,4,2021,30,2021.28675799087,4.57770138396038,0.0847356731121357,0.0971581516514784,0.0976039573866668,34.5926369639078,39.7552164362576,79.0232771170767,2021-04-30,2021
332,5,2021,31,2021.3703196347,12.3762887564261,0.0871864523941955,0.0906584549949429,0.0982338605218244,93.7839114151972,97.1542363489904,232.634851399095,2021-05-31,2021
333,6,2021,30,2021.45388127854,16.1302195864776,0.0739221131605988,0.0757183254524267,0.0748853337886343,105.106520348549,108.005519173955,228.986302951125,2021-06-30,2021
334,7,2021,31,2021.53744292237,4.0922410236024,0.0655548765253383,0.0634562163547124,0.0636945361214473,23.246968324089,22.6798148022221,70.5846073212205,2021-07-31,2021
335,8,2021,31,2021.62237442922,2.84666516204342,0.0635529742103996,0.0670050919251698,0.06051432594495,15.5329141039995,16.3308665474448,23.5831959447037,2021-08-31,2021
336,9,2021,30,2021.70593607306,1.81190060964377,0.0672620792705058,0.0664730258657934,0.0604207840939849,10.5090610665666,10.3928932041637,15.8290714804355,2021-09-30,2021
337,10,2021,31,2021.7894977169,2.70754723617408,0.0634985401067231,0.0529710042844513,0.0623431911645916,14.7263729266352,12.1410175638672,16.3426481110108,2021-10-31,2022
338,11,2021,30,2021.87305936073,2.41674844807872,0.0705885261848306,0.053850302225258,0.0709930667560278,14.6134086071837,10.8823252685899,14.8194444845112,2021-11-30,2022
339,12,2021,31,2021.95662100457,1.64402129336598,0.0830358272656029,0.0825987165120322,0.0834614669346252,11.8027476548323,11.7417592511746,13.2879112104813,2021-12-31,2022
340,1,2022,31,2022.04155251142,1.59807492651616,0.0927075594089706,0.0915397746673831,0.0938327435231234,12.833140752277,12.701751994834,13.5845152891795,2022-01-31,2022
341,2,2022,28,2022.12237442922,1.42777584654638,0.083169023014887,0.0718608059845015,0.0877758053802804,10.2907749194627,8.86198238159101,12.0047302422417,2022-02-28,2022
342,3,2022,31,2022.20319634703,1.78688435052925,0.0718382061004755,0.0953405169898112,0.07691818657922,11.3857507461949,14.8851746816507,15.7489541758091,2022-03-31,2022
343,4,2022,30,2022.28675799087,7.57853198313702,0.0982285281671171,0.104267748831397,0.0994789827306291,71.9070755768019,74.4757551948371,81.1868414597146,2022-04-30,2022
344,5,2022,31,2022.3703196347,31.0142543469581,0.105064466719678,0.0965192106654309,0.10146161613623,282.483980559453,258.76858653576,240.284570155645,2022-05-31,2022
345,6,2022,30,2022.45388127854,25.006607028179,0.0754889759772666,0.0733118119815817,0.076806801567323,165.240499994153,161.393709786286,234.196393502168,2022-06-30,2022
346,7,2022,31,2022.53744292237,6.38042489952295,0.0675556079742582,0.0673736466599561,0.065396258960142,37.6126983337312,37.462256725085,72.4859431971859,2022-07-31,2022
347,8,2022,31,2022.62237442922,3.2615526336774,0.0624174153004306,0.0573465437283922,0.0614465557999815,17.5549186458246,16.1541496092497,23.9405282054254,2022-08-31,2022
348,9,2022,30,2022.70593607306,2.46167784431702,0.0623442770427809,0.0535032285141823,0.0605434412008027,13.2311794560542,11.3165259796563,15.8625477870147,2022-09-30,2022
349,10,2022,31,2022.7894977169,2.63501957160399,0.0633448989824306,0.0639133332741288,0.0618551944951651,14.2667778493447,14.396102249775,16.2108012277032,2022-10-31,2023
350,11,2022,30,2022.87305936073,1.99275086845172,0.0720553108262656,0.0760152630497261,0.07003476742316,12.3388885018087,12.9683473177165,14.6193458066304,2022-11-30,2023
351,12,2022,31,2022.95662100457,1.73079872578612,0.0818314128588518,0.093374364446155,0.0822932185652694,12.2136588789969,14.0922048968327,13.1011495684708,2022-12-31,2023
352,1,2023,31,2023.04155251142,1.55532562296603,0.090075502843598,0.0537092368206901,0.0923600895383042,12.1210888167367,7.43155955328618,13.3743021161288,2023-01-31,2023
353,2,2023,28,2023.12237442922,1.35172488772765,0.078595254458751,0.0479360689571794,0.0862501709595922,9.19167055259518,5.60354334175064,11.7999081373819,2023-02-28,2023
354,3,2023,31,2023.20319634703,1.33902145457562,0.0603983358583923,0.0555660381314293,0.076156433485879,6.99533116916908,6.43464102182664,15.7531854601589,2023-03-31,2023
355,4,2023,30,2023.28675799087,5.7783356699923,0.0885921672527942,0.104786728160253,0.103806907149251,52.8060824670267,61.4842488246981,85.3647133885831,2023-04-30,2023
356,5,2023,31,2023.3703196347,44.3222586935794,0.112963866845662,0.105347226786644,0.104749520651991,425.744932522511,395.307657515299,245.400386830644,2023-05-31,2023
357,6,2023,30,2023.45388127854,42.5035863993847,0.0774202813867473,0.0775457894250815,0.0780367325206241,285.712791830955,286.257208205869,236.441863300672,2023-06-30,2023
358,7,2023,31,2023.53744292237,16.3771851143231,0.0646901185350447,0.0565233385729547,0.0666318325600233,91.930014136903,84.288527936935,73.584290703768,2023-07-31,2023
359,8,2023,31,2023.62237442922,3.96472387027765,0.0622214615119185,0.0576437020138709,0.0621071809816148,21.3422338692792,19.5776783935522,24.2156662755414,2023-08-31,2023
360,9,2023,30,2023.70593607306,2.83923579589938,0.0602278850289819,0.0600291408664486,0.0604849057600305,14.7533322581543,14.7076431944881,15.8354994928202,2023-09-30,2023
361,10,2023,31,2023.7894977169,2.75084460771845,0.0618077587490307,0.0619043024560957,0.0611767381833252,14.6613644487586,14.6898652074262,16.0111476538248,2023-10-31,2024
362,11,2023,30,2023.87305936073,2.57230232413065,0.0679084388714621,0.0684048954158286,0.0690396559173087,14.9596282711805,15.0778005807861,14.4048489860155,2023-11-30,2024
363,12,2023,31,2023.95662100457,2.01414987880431,0.0816258610654547,0.0809661519601691,0.0811507440500111,14.1506076698267,14.0407687949128,12.9187387300814,2023-12-31,2024
364,1,2024,31,2024.04143897996,1.79885050173666,0.0949728958620956,0.0945662633886919,0.0909411007614102,14.7770796390346,14.7214616268451,13.1715154754467,2024-01-31,2024
365,2,2024,29,2024.12340619308,1.75720678362316,0.0917936449433478,0.0917435338245932,0.0845732981594485,13.9644730618267,13.9597431647208,11.5724729535432,2024-02-29,2024
366,3,2024,31,2024.20537340619,2.09489856328789,0.0773137069354077,0.0754475383924716,0.0748959100635453,14.0860639247415,13.7837350334469,15.6237582713869,2024-03-31,2024
367,4,2024,30,2024.28870673953,11.4525597348358,0.117388963560337,0.115759997119674,0.105714996509532,131.771623428473,130.356069421209,87.2693238790233,2024-04-30,2024
368,5,2024,31,2024.37204007286,21.0047058789592,0.105264084754982,0.105138698239587,0.106272255088485,186.291179492904,186.26631495342,247.085189418161,2024-05-31,2024
369,6,2024,30,2024.45537340619,47.4967903090615,0.0781831782939495,0.0779926025690802,0.0787294883749566,326.29811237963,324.825040643116,236.759204113058,2024-06-30,2024
370,7,2024,31,2024.53870673953,12.6037369740326,0.0680030790383846,0.0678316235854732,0.0679756490539235,73.8954822492127,73.2171194369426,74.6619224119082,2024-07-31,2024
